Order Number,Order Quantity,Product Name,Model Number,Ceiling price,Target Price,Floor price,Supplier Name,InvoiceDate,CustomerID,Availability
536365,6,Alisha Solid Women's Cycling Shorts,33120,999,689,379,Alisha,12/1/2010 08:26,17850,61
536366,6,FabHomeDecor Fabric Double Sofa Bed,28985,32157,27401.5,22646,FabHomeDecor,12/1/2010 08:26,17850,104
536367,8,AW Bellies,9327,999,749,499,AW,12/1/2010 08:26,17850,94
536368,6,Alisha Solid Women's Cycling Shorts,45918,699,483,267,Alisha,12/1/2010 08:26,17850,38
536369,6,Sicons All Purpose Arnica Dog Shampoo,30035,220,215,210,Sicons,12/1/2010 08:26,17850,5
536370,2,Eternal Gandhi Super Series Crystal Paper Weights  with Silver Finish,17794,430,430,430,Eternal Gandhi,12/1/2010 08:26,17850,11
536371,6,Alisha Solid Women's Cycling Shorts,40141,1199,839,479,Alisha,12/1/2010 08:26,17850,98
536372,6,FabHomeDecor Fabric Double Sofa Bed,1819,32157,27401.5,22646,FabHomeDecor,12/1/2010 08:28,17850,116
536373,6,"dilli bazaaar Bellies, Corporate Casuals, Casuals",43668,699,524,349,dilli bazaaar,12/1/2010 08:28,17850,120
536374,32,Alisha Solid Women's Cycling Shorts,33754,1199,839,479,Alisha,12/1/2010 08:34,13047,115
536375,6,Ladela Bellies,24838,1724,1337,950,Ladela,12/1/2010 08:34,13047,31
536376,6,Carrel Printed Women's,17704,2299,1604.5,910,Carrel,12/1/2010 08:34,13047,119
536377,6,Alisha Solid Women's Cycling Shorts,21903,999,689,379,Alisha,12/1/2010 08:34,13047,11
536378,6,Freelance Vacuum Bottles 350 ml Bottle,17668,699,699,699,Freelance,12/1/2010 08:34,13047,74
536379,3,Alisha Solid Women's Cycling Shorts,46667,999,689,379,Alisha,12/1/2010 08:34,13047,56
536380,2,FabHomeDecor Fabric Double Sofa Bed,17461,32157,27401.5,22646,FabHomeDecor,12/1/2010 08:34,13047,103
536381,3,Style Foot Bellies,32665,899,674,449,Style Foot,12/1/2010 08:34,13047,35
536382,3,Carrel Printed Women's,46842,2499,1749,999,Carrel,12/1/2010 08:34,13047,79
536383,4,FabHomeDecor Fabric Double Sofa Bed,26434,32157,27401.5,22646,FabHomeDecor,12/1/2010 08:34,13047,63
536384,4,Sicons Conditioning Conditoner Dog Shampoo,39758,110,105,100,Sicons,12/1/2010 08:34,13047,98
536385,3,dongli Printed Boy's Round Neck T-Shirt,27761,2400,1719.5,1039,dongli,12/1/2010 08:34,13047,40
536386,3,SWAGGA Women Clogs,10054,1500,1500,1500,SWAGGA,12/1/2010 08:34,13047,20
536387,3,Kennel Rubber Dumbell With Bell - Small Rubber Rubber Toy For Dog,21351,190,190,190,Kennel,12/1/2010 08:34,13047,49
536388,24,Bengal Blooms Rose Artificial Plant  with Pot,22598,799,689,579,Bengal Blooms,12/1/2010 08:45,12583,47
536389,48,Indcrown Net Embroidered Semi-stitched Lehenga Choli Material,34862,999,849,699,Indcrown,12/1/2010 08:45,12583,3
536390,24,Shopmania Music Band A5 Notebook Spiral Bound,40285,499,387,275,Shopmania,12/1/2010 08:45,12583,41
536391,18,Shopmania Music Band A5 Notebook Spiral Bound,17616,499,387,275,Shopmania,12/1/2010 08:45,12583,127
536392,24,"Tiara Diaries 2016-2017 Designer LA Kaarta ""TAKING ACTION GETTING RESULT"" (Set of 3) B5 Notebook Hard Bound",25146,1000,918.5,837,Tiara Diaries,12/1/2010 08:45,12583,121
536393,24,KAJCI Embroidered Women's Waistcoat,32645,1200,949.5,699,KAJCI,12/1/2010 08:45,12583,81
536394,24,Packman 8 x 10 inches Security Bags Without POD Jacket Courier Bag Security Bag,41276,350,324,298,Packman,12/1/2010 08:45,12583,38
536395,24,Pick Pocket Embroidered Women's Waistcoat,13176,899,899,899,Pick Pocket,12/1/2010 08:45,12583,123
536396,20,Angelfish Silk Potali Potli,15005,999,699,399,Angelfish,12/1/2010 08:45,12583,107
536397,24,Oye Boy's Dungaree,47329,899,831.5,764,Oye,12/1/2010 08:45,12583,131
536398,24,Nuride Canvas Shoes,27966,1999,1674,1349,Nuride,12/1/2010 08:45,12583,121
536399,12,OM SHIVAKRITI Square wall Clock Showpiece  -  38.1 cm,23909,1499,1499,1499,OM SHIVAKRITI,12/1/2010 08:45,12583,106
536400,24,Himmlisch ST381 Magnetic Sun Shade For Maruti Alto,48370,6999,4449,1899,Himmlisch,12/1/2010 08:45,12583,38
536401,24,Rapter BNC-179 BNC Wire Connector,13245,2299,1849.5,1400,Rapter,12/1/2010 08:45,12583,69
536402,36,Vishudh Printed Women's Straight Kurta,9633,999,749,499,Vishudh,12/1/2010 08:45,12583,100
536403,3,Vishudh Printed Women's Straight Kurta,27360,899,674,449,Vishudh,12/1/2010 08:45,12583,64
536404,80,Vishudh Printed Women's Anarkali Kurta,6348,2099,1574,1049,Vishudh,12/1/2010 09:00,13748,106
536405,6,BuildTrack PIR Wireless Motion Sensor - One Switch Control Wireless Sensor Security System,40878,6500,5750,5000,BuildTrack,12/1/2010 09:01,17850,78
536406,6,Skayvon SUMMERSIBLE SINGLE PHASE PUMP CONTROLLER Wired Sensor Security System,6184,9990,7490,4990,Skayvon,12/1/2010 09:01,17850,47
536407,6,MASARA Solid Women's Straight Kurta,48002,1399,999,599,MASARA,12/1/2010 09:02,17850,123
536408,6,Vishudh Printed Women's Straight Kurta,20914,899,674,449,Vishudh,12/1/2010 09:02,17850,115
536409,8,Rapter BNC-047 BNC Wire Connector,37011,1299,1099,899,Rapter,12/1/2010 09:02,17850,83
536410,6,Skayvon SUBMERSIBBLE THREE PHASE PUMP CONTROLLER Wired Sensor Security System,12962,8999,6994.5,4990,Skayvon,12/1/2010 09:02,17850,58
536411,6,Vishudh Printed Women's Straight Kurta,45698,899,674,449,Vishudh,12/1/2010 09:02,17850,66
536412,6,Behringer Xenyx 502 Analog Sound Mixer,24773,10000,8300,6600,Behringer,12/1/2010 09:02,17850,87
536413,6,Vishudh Printed Women's Straight Kurta,18569,899,674,449,Vishudh,12/1/2010 09:02,17850,14
536414,6,Vishudh Printed Women's Straight Kurta,41176,899,674,449,Vishudh,12/1/2010 09:02,17850,105
536415,2,MASARA Solid Women's Straight Kurta,48366,1399,999,599,MASARA,12/1/2010 09:02,17850,22
536416,4,MASARA Solid Women's Straight Kurta,47209,1399,974.5,550,MASARA,12/1/2010 09:02,17850,134
536417,6,Roadster Men's Zipper Solid Cardigan,46522,1399,1049,699,Roadster,12/1/2010 09:02,17850,98
536418,6,Vishudh Printed Women's Straight Kurta,38693,999,749,499,Vishudh,12/1/2010 09:02,17850,41
536419,6,Noor Embroidered Women's Straight Kurta,48825,1649,1249,849,Noor,12/1/2010 09:02,17850,22
536420,6,MASARA Solid Women's Straight Kurta,8479,1399,999,599,MASARA,12/1/2010 09:02,17850,23
536421,2,Vishudh Printed Women's Straight Kurta,40462,899,674,449,Vishudh,12/1/2010 09:02,17850,111
536422,6,Libas Printed Women's A-line Kurta,15873,899,674,449,Libas,12/1/2010 09:02,17850,128
536423,32,Libas Printed Women's Anarkali Kurta,41897,1849,1386.5,924,Libas,12/1/2010 09:09,15100,50
536424,6,MASARA Solid Women's Straight Kurta,34050,999,749,499,MASARA,12/1/2010 09:32,17850,9
536425,6,HRS ULTIMATE BOY Chest Pads,46802,440,417.5,395,HRS,12/1/2010 09:32,17850,69
536426,8,Vermello Men Casual Brown Genuine Leather Belt,23423,1495,1145,795,Vermello,12/1/2010 09:32,17850,96
536427,6,HRS CLUB BOY Thigh Pads,21405,280,265,250,HRS,12/1/2010 09:32,17850,92
536428,6,Ligans NY Men Formal Black Genuine Leather Belt,47890,795,745,695,Ligans NY,12/1/2010 09:32,17850,92
536429,6,Elegance Polyester Multicolor Abstract Eyelet Door Curtain,11182,1899,1399,899,Elegance,12/1/2010 09:32,17850,89
536430,6,Liza Women Wedges,2014,1990,1691.5,1393,Liza,12/1/2010 09:32,17850,123
536431,6,HRS ULTIMATE BOY Elbow Pads,29193,250,240,230,HRS,12/1/2010 09:32,17850,88
536432,2,Sathiyas Cotton Bath Towel,34203,600,524.5,449,Sathiyas,12/1/2010 09:32,17850,130
536433,4,HRS ULTIMATE MEN Chest Pads,14992,440,417.5,395,HRS,12/1/2010 09:32,17850,26
536434,6,SANTOSH ROYAL FASHION Cotton Printed King sized Double Bedsheet,31506,2699,1999,1299,SANTOSH ROYAL FASHION,12/1/2010 09:32,17850,66
536435,6,CASEDEAL Microsoft Nokia lumia x2 Back Panel,23288,1999,1189.5,380,CASEDEAL,12/1/2010 09:32,17850,111
536436,6,Mario Gotze Women's Printed Casual Orange Shirt,44533,1499,1199,899,Mario Gotze,12/1/2010 09:32,17850,100
536437,2,Jaipur Print Cotton Floral King sized Double Bedsheet,18362,2599,1648.5,698,Jaipur Print,12/1/2010 09:32,17850,77
536438,6,Shilpi NHSCN003 Coin Bank,27366,900,775,650,Shilpi,12/1/2010 09:32,17850,14
536439,48,Jaipur Print Cotton Floral King sized Double Bedsheet,432,2599,1648.5,698,Jaipur Print,12/1/2010 09:32,15291,65
536440,64,Babeezworld Dungaree Baby Boy's  Combo,3990,999,749,499,Babeezworld,12/1/2010 09:32,15291,12
536441,6,Redbag Eight Armed Goddess Sherawali Maa Showpiece  -  10.8 cm,14183,1600,1400,1200,Redbag,12/1/2010 09:34,17850,3
536442,6,"Proence Weight Gainers, Mass Gainers",24852,1025,987,949,Proence,12/1/2010 09:34,17850,61
536443,10,Discountgod Men's Checkered Casual Shirt,4796,750,670,590,Slim,12/1/2010 09:37,14688,95
536444,10,Silver Streak Men's Printed Casual Denim Shirt,31717,1299,949,599,Slim,12/1/2010 09:37,14688,19
536445,6,Reckler Slim Fit Men's Jeans,47766,5398,3998.5,2599,Slim,12/1/2010 09:37,14688,38
536446,24,Wrangler Skanders Fit Men's Jeans,4605,2795,2306,1817,Skanders,12/1/2010 09:41,15311,98
536447,1,Wrangler Regular Fit Men's Jeans,1529,3295,2553.5,1812,Regular,12/1/2010 09:41,15311,128
536448,4,NE Regular Fit Men's Jeans,21137,4999,3449,1899,Regular,12/1/2010 09:45,16098,7
536449,2,Roadster Skinny Fit Fit Men's Jeans,22122,2499,1874,1249,Skinny Fit,12/1/2010 09:59,16250,96
536450,12,"ezyPRNT ""RH"" Golf Ball -   Size: 4.26 cm,  Diameter: 4.26 cm",34134,1195,895,595,ezyPRNT,12/1/2010 10:51,17924,6
536451,48,"ezyPRNT ""BC"" Golf Ball -   Size: 4,  Diameter: 4.26 cm",27156,1195,895,595,ezyPRNT,12/1/2010 10:51,17924,94
536452,24,"ezyPRNT ""OL"" Golf Ball -   Size: 4.26 cm,  Diameter: 4.26 cm",14992,1195,895,595,ezyPRNT,12/1/2010 10:52,13448,47
536453,6,"ezyPRNT ""CV"" Golf Ball -   Size: 4,  Diameter: 4.26 cm",49235,1195,895,595,ezyPRNT,12/1/2010 10:52,13448,123
536454,4,Traditions Printed Protective Men's Gloves,26842,500,449.5,399,Traditions,12/1/2010 10:52,13448,121
536455,8,First Choice Cotton Embroidered Diwan Set,3464,2199,1589,979,First Choice,12/1/2010 10:52,13448,47
536456,6,Eccellente Solid Hip Hop Cap,25720,899,617.5,336,Eccellente,12/1/2010 10:52,13448,40
536457,2,Nechams Resin Magnetic Magnetic Melamine Small Whiteboards,30162,1799,1299,799,Nechams,12/1/2010 10:52,13448,23
536458,12,Traditions Printed Protective Men's Gloves,27085,500,449.5,399,Traditions,12/1/2010 10:52,13448,92
536459,12,First Choice Cotton Embroidered Diwan Set,5994,2199,1589,979,First Choice,12/1/2010 10:52,13448,66
536460,12,First Choice Cotton Embroidered Diwan Set,1313,2199,1589,979,First Choice,12/1/2010 10:52,13448,97
536461,12,JASPO Thunder Intact Superior Senior Skates Combo (skates+helmet+knee+elbow+bag)suitable for age upto 6 to 14 years Skating Kit,31506,1399,1084.5,770,JASPO,12/1/2010 10:52,13448,94
536462,12,Masaba for Magic fairy Girl's Layered Pink Dress,30597,1775,1686.5,1598,Masaba for Magic fairy,12/1/2010 10:52,13448,2
536463,6,Momin Libas AK2414 Kashibo Solid Abaya No,15221,3999,3198.5,2398,Momin Libas,12/1/2010 10:52,13448,83
536464,4,ACM Pouch for Swipe Elite Plus,43772,990,664.5,339,ACM,12/1/2010 10:52,13448,38
536465,8,A R ENTERPRISES musical wlking cow,37886,999,649,299,A R ENTERPRISES,12/1/2010 10:52,13448,112
536466,9,First Choice Cotton Embroidered Diwan Set,37215,2199,1589,979,First Choice,12/1/2010 10:52,13448,61
536467,4,SANTOSH ROYAL FASHION Cotton Embroidered Diwan Set,34335,2199,1589,979,SANTOSH ROYAL FASHION,12/1/2010 10:52,13448,78
536468,9,First Choice Cotton Embroidered Diwan Set,3164,2199,1589,979,First Choice,12/1/2010 10:52,13448,69
536469,6,ShoeBuzz Casuals,26910,799,523,247,ShoeBuzz,12/1/2010 10:52,17850,10
536470,6,Zed Loafers,38888,499,499,499,Zed,12/1/2010 10:52,17850,92
536471,12,House This Queen Cotton Duvet Cover,38050,1160,1160,1160,House This,12/1/2010 10:53,13448,51
536472,1,ACM Pouch for Intex Aqua Lions 3g,25213,990,664.5,339,ACM,12/1/2010 11:21,15862,112
536473,1,womaniya Alloy Bracelet,11175,2000,1600,1200,womaniya,12/1/2010 11:21,15862,13
536474,2,Taj Pearl Alloy Cuff,23390,665,532,399,Taj Pearl,12/1/2010 11:21,15862,100
536475,1,JASPO Saphire Dual Shoe Skates Combo Size 5 Skating Kit,29471,2299,1784.5,1270,JASPO,12/1/2010 11:21,15862,75
536476,1,Taj Pearl Alloy Cuff,43511,665,532,399,Taj Pearl,12/1/2010 11:21,15862,51
536477,1,Bento Musical Teddy Bear,17330,199,131,63,Bento,12/1/2010 11:21,15862,70
536478,1,Wake Up Competition Full Sleeve Striped Men's Sweatshirt,27407,1495,1121.5,748,Wake Up Competition,12/1/2010 11:21,15862,69
536479,2,Taj Pearl Alloy Cuff,35419,665,532,399,Taj Pearl,12/1/2010 11:21,15862,50
536480,1,Taj Pearl Alloy Cuff,196,665,532,399,Taj Pearl,12/1/2010 11:21,15862,93
536481,4,Cellbazaar Blackberry 8520 WHITE LCD LCD,44635,5000,3000,1000,Cellbazaar,12/1/2010 11:21,15862,2
536482,1,Dressberry Gold Synthetic  Clutch,26878,1299,1299,1299,Dressberry,12/1/2010 11:21,15862,34
536483,1,Mast & Harbour Black Synthetic  Clutch,25783,1899,1899,1899,Mast & Harbour,12/1/2010 11:21,15862,62
536484,2,JQR JQR Sports Shoes Running Shoes,41290,1299,1299,1299,JQR,12/1/2010 11:21,15862,123
536485,2,Sisel Printed Poly Cotton Women's Stole,33198,299,213.5,128,Sisel,12/1/2010 11:21,15862,21
536486,2,JQR JQR Sports Shoes Running Shoes,23020,999,999,999,JQR,12/1/2010 11:21,15862,29
536487,1,"Knight Ace Kraasa Sports Running Shoes, Cycling Shoes, Walking Shoes",36086,1299,899,499,Knight Ace,12/1/2010 11:21,15862,19
536488,1,Dressberry Gold Synthetic  Clutch,3800,1299,1299,1299,Dressberry,12/1/2010 11:21,15862,45
536489,1,"Great Art Floral Print Wool, Viscose, 20% Kashmiri wool, 50% Cashmilon and 30% Wool ruffle yarn Women's Stole",25952,1099,796,493,Great Art,12/1/2010 11:21,15862,118
536490,3,Indistar Self Design Viscose Women's Stole,20392,478,358.5,239,Indistar,12/1/2010 11:21,15862,4
536491,1,Mast & Harbour Black Synthetic  Clutch,27845,1899,1899,1899,Mast & Harbour,12/1/2010 11:21,15862,108
536492,1,Glacier Running Shoes,162,629,563.5,498,Glacier,12/1/2010 11:21,15862,116
536493,2,Dressberry Black Synthetic  Clutch,2452,1299,1299,1299,Dressberry,12/1/2010 11:21,15862,69
536494,1,Zoe Marciano Blue Heavy-duty satin wong fabric  Clutch,8575,1599,1149,699,Zoe Marciano,12/1/2010 11:21,15862,37
536495,1,Asics Gel-Cumulus 17 Running Shoes,41890,9499,9499,9499,Asics,12/1/2010 11:21,15862,93
536496,1,Dressberry Black Synthetic  Clutch,39475,1299,1299,1299,Dressberry,12/1/2010 11:21,15862,120
536497,2,Mast & Harbour Gold Synthetic  Clutch,10096,1899,1899,1899,Mast & Harbour,12/1/2010 11:21,15862,109
536498,4,Asics Gel-Kayano 22 Running Shoes,23032,12499,12499,12499,Asics,12/1/2010 11:21,15862,75
536499,2,Indistar Self Design Viscose Women's Stole,20995,898,673.5,449,Indistar,12/1/2010 11:21,15862,103
536500,1,Dressberry Orange Synthetic  Clutch,45066,1899,1899,1899,Dressberry,12/1/2010 11:21,15862,45
536501,1,Dressberry Gold Synthetic  Clutch,19660,1299,1299,1299,Dressberry,12/1/2010 11:21,15862,91
536502,1,Dressberry Green Synthetic  Clutch,21195,1899,1899,1899,Dressberry,12/1/2010 11:21,15862,96
536503,3,Zoe Marciano Blue Heavy-duty satin wong fabric  Clutch,7461,1599,1149,699,Zoe Marciano,12/1/2010 11:21,15862,131
536504,1,Escan Lace Up,2996,1299,1149,999,Escan,12/1/2010 11:21,15862,107
536505,1,Dressberry Gold Synthetic  Clutch,32463,1299,1299,1299,Dressberry,12/1/2010 11:21,15862,107
536506,2,Nine Maternity Wear Women's Fit and Flare Dress,9755,1825,1825,1825,Nine Maternity Wear,12/1/2010 11:21,15862,123
536507,3,"Kleio Festive, Party, Casual Blue PU  Clutch",25466,1899,1449,999,Kleio,12/1/2010 11:21,15862,24
536508,1,Skipper Blends Aqua Striped Eyelet Window Curtain,45437,1733,1386,1039,Skipper,12/1/2010 11:21,15862,104
536509,1,Mizuno Lightweight Hoody Solid Men's Wind Cheater,8021,4999,4999,4999,Mizuno,12/1/2010 11:21,15862,78
536510,2,"Turbo MSE TEST LITE Batting Gloves (Men, White, Orange)",34969,1637,1227.5,818,Turbo,12/1/2010 11:21,15862,70
536511,2,"Turbo LEAGUE Batting Gloves (Men, White, Blue)",1000,1232,924,616,Turbo,12/1/2010 11:21,15862,67
536512,2,Stamin Mass Gainers,5212,2300,2127.5,1955,Stamin,12/1/2010 11:21,15862,24
536513,1,Pure Source Psi-As-Hanggnrlx Relaxing Liquid Air Freshener,36011,1250,812.5,375,Pure Source,12/1/2010 11:21,15862,88
536514,3,Van Heusen Men's Printed Party Shirt,44632,2099,1784,1469,Slim,12/1/2010 11:21,15862,134
536515,3,Eshoppee Laughing Buddha For Success And Wealth Showpiece  -  12 cm,46969,799,599,399,Eshoppee,12/1/2010 11:21,15862,132
536516,9,Karatcraft Triniya Promise Gold Diamond 18 K Ring,27966,49999,42110,34221,Karatcraft,12/1/2010 11:21,15862,25
536517,1,Nishtaa Yellow Gold 22 K Ring,38985,8190,7985.5,7781,Nishtaa,12/1/2010 11:21,15862,75
536518,1,Fashion Tree Men's Solid Formal Shirt,26648,999,674,349,Slim,12/1/2010 11:21,15862,129
536519,2,Fashion Tree Men's Solid Formal Shirt,48745,999,674,349,Slim,12/1/2010 11:21,15862,58
536520,2,Fashion Tree Men's Solid Formal Shirt,7948,999,674,349,Slim,12/1/2010 11:21,15862,46
536521,12,Karatcraft Triniya Promise Gold Diamond 18 K Ring,4802,47822,40397.5,32973,Karatcraft,12/1/2010 11:29,16218,16
536522,12,WearYourShine by PCJ The Joe Gold Diamond 18 K Ring,28934,29366,29366,29366,WearYourShine by PCJ,12/1/2010 11:29,16218,96
536523,24,BlueStone The Juliette Yellow Gold Diamond 18 K Ring,2116,29348,25996,22644,BlueStone,12/1/2010 11:29,16218,47
536524,10,Karatcraft Om Gold Diamond 18 K Ring,45495,42068,38562,35056,Karatcraft,12/1/2010 11:29,16218,97
536525,10,Karatcraft Dulce Gold Diamond 18 K Ring,32018,40267,33745,27223,Karatcraft,12/1/2010 11:29,16218,66
536526,128,Karatcraft Robini Emerald Gold Diamond 18 K Ring,27644,43481,39857.5,36234,Karatcraft,12/1/2010 11:32,14045,52
536527,8,Karatcraft Om Gold Diamond 18 K Ring,4656,44247,40559.5,36872,Karatcraft,12/1/2010 11:33,17850,89
536528,6,Clara Certified Katela 6.5 cts or 7.25 ratti 4 Prongs Sterling Silver Amethyst Ring,9848,5270,3815,2360,Clara,12/1/2010 11:33,17850,3
536529,6,Clara Certified Katela 5.5 cts or 6.25 ratti Elegant Sterling Silver Amethyst Ring,17568,4750,3440,2130,Clara,12/1/2010 11:33,17850,12
536530,6,Clara Certified Katela 3 cts or 3.25 ratti 4 Prongs Sterling Silver Amethyst Ring,23339,3530,2550,1570,Clara,12/1/2010 11:33,17850,107
536531,2,BlueStone The Princess Gold Diamond 18 K Ring,7308,35415,31199.5,26984,BlueStone,12/1/2010 11:33,17850,77
536532,24,Nishtaa Yellow Gold Cubic Zirconia 22 K Ring,35547,11820,11524.5,11229,Nishtaa,12/1/2010 11:41,14307,17
536533,12,Living World by Home Stop Solid Wood Display Unit,33279,5499,5499,5499,Living World by Home Stop,12/1/2010 11:41,14307,21
536534,12,Status Quo Men's Solid Casual Shirt,46979,1699,1274,849,Regular Fit,12/1/2010 11:41,14307,47
536535,12,"Asian Gems & Jewels 6.25 Ratti 5 Dhaatu Sterling Silver, Metal, Alloy Cat's Eye NA K Ring",47766,1656,1242,828,Asian Gems & Jewels,12/1/2010 11:41,14307,5
536536,12,WearYourShine by PCJ The Adriyel Gold Diamond 18 K Ring,1057,28963,28963,28963,WearYourShine by PCJ,12/1/2010 11:41,14307,61
536537,12,"Asian Gems & Jewels 5.25 Ratti 5 Dhaatu Sterling Silver, Metal, Alloy Coral Ring",42265,1743,1307.5,872,Asian Gems & Jewels,12/1/2010 11:41,14307,4
536538,8,"KuberBox Ravishing Ring White Gold Diamond, Topaz 14K White Gold 14 K Ring",24838,8538,8538,8538,KuberBox,12/1/2010 11:41,14307,73
536539,3,Karatcraft Wadell Gold Diamond 18 K Ring,41540,42321,35319,28317,Karatcraft,12/1/2010 11:41,14307,122
536540,3,Karatcraft Twinoh Gold Diamond 18 K Ring,35430,32528,26600,20672,Karatcraft,12/1/2010 11:41,14307,96
536541,6,Karatcraft Clariz Gold Diamond 18 K Ring,47485,32658,26692.5,20727,Karatcraft,12/1/2010 11:41,14307,94
536542,12,Karatcraft Solitana Gold Diamond 18 K Ring,7419,30176,25462.5,20749,Karatcraft,12/1/2010 11:41,14307,42
536543,3,Karatcraft Celebra Gold Diamond 18 K Ring,5112,32524,26555,20586,Karatcraft,12/1/2010 11:41,14307,131
536544,10,Karatcraft Duilla Ruby Gold Diamond 18 K Ring,33452,49999,46130.5,42262,Karatcraft,12/1/2010 11:41,14307,107
536545,36,Karatcraft Journa Gold Diamond 18 K Ring,24852,45345,41566,37787,Karatcraft,12/1/2010 11:41,14307,59
536546,12,CaratLane Fantasia Band White Gold Diamond 18 K Ring,42633,31033,31033,31033,CaratLane,12/1/2010 11:41,14307,126
536547,4,Karigaari Set Of 5 Adivasi Doing Merry On Trumpet Showpiece  -  30 cm,27605,4500,3275,2050,Karigaari,12/1/2010 11:41,14307,3
536548,12,WearYourShine by PCJ The Sharman Gold Diamond 18 K Ring,5009,29292,29292,29292,WearYourShine by PCJ,12/1/2010 11:41,14307,45
536549,1,Nishtaa Yellow Gold 22 K Ring,33106,6740,6571.5,6403,Nishtaa,12/1/2010 11:45,17908,38
536550,1,Totta Pouch for Sony Xperia M5 Dual,4149,799,599,399,Totta,12/1/2010 11:45,17908,74
536551,1,Lee Mark Men's Solid Formal Shirt,31478,1699,1149,599,Slim,12/1/2010 11:45,17908,95
536552,1,Karatcraft Trilic Gold Diamond 18 K Ring,25718,48596,39706.5,30817,Karatcraft,12/1/2010 11:45,17908,67
536553,1,Karatcraft Wadell Gold Diamond 18 K Ring,23909,44226,37483.5,30741,Karatcraft,12/1/2010 11:45,17908,112
536554,6,Karatcraft Donna Gold Diamond 18 K Ring,22754,49542,41826,34110,Karatcraft,12/1/2010 11:45,17908,69
536555,24,WearYourShine by PCJ The Melina Gold Diamond 18 K Ring,24852,23949,23949,23949,WearYourShine by PCJ,12/1/2010 11:45,17908,9
536556,1,WearYourShine by PCJ The Radelle Diamond Gold Diamond Yellow Gold 18 K Ring,28993,31673,31673,31673,WearYourShine by PCJ,12/1/2010 11:45,17908,33
536557,1,WearYourShine by PCJ The Helaine Gold Diamond 18 K Ring,41273,31663,31663,31663,WearYourShine by PCJ,12/1/2010 11:45,17908,98
536558,1,CaratLane Swish Ray White Gold Diamond 18 K Ring,23341,31062,31062,31062,CaratLane,12/1/2010 11:45,17908,122
536559,1,WearYourShine by PCJ The Maryse Diamond Gold Diamond Yellow Gold 18 K Ring,46941,20717,20717,20717,WearYourShine by PCJ,12/1/2010 11:45,17908,108
536560,2,Araanz by Tribhovandas Bhimji Zaveri Delhi Gold Diamond 18K Yellow Gold 18 K Ring,39993,15720,14148,12576,Araanz by Tribhovandas Bhimji Zaveri Delhi,12/1/2010 11:45,17908,77
536561,1,Nishtaa Yellow Gold 22 K Ring,19068,11880,11583,11286,Nishtaa,12/1/2010 11:45,17908,26
536562,1,Nishtaa Yellow Gold 22 K Ring,21410,8700,8482.5,8265,Nishtaa,12/1/2010 11:45,17908,67
536563,1,BlueStone The Twin Wingflow Yellow Gold Diamond 18 K Ring,17341,13010,13010,13010,BlueStone,12/1/2010 11:49,17920,16
